id;name;surname;photo;photo_content_type;email;phone;premium;birth_date;add_date
1;card;Assurance;../fake-data/blob/hipster.png;image/png;",&E@?fITQ.$r";398-420-8422;false;2022-01-20;2022-01-21
2;Ball Eritrea Intelligent;Bike Research;../fake-data/blob/hipster.png;image/png;"P\W@tX}(J[.I";(633) 420-1757;false;2022-01-20;2022-01-21
3;Agent monitor;Alabama global;../fake-data/blob/hipster.png;image/png;"'~@dnlc.!lAT";910.981.8560;true;2022-01-20;2022-01-20
4;Spring;Home;../fake-data/blob/hipster.png;image/png;"E@y+.RP";967-203-8635;false;2022-01-20;2022-01-21
5;Regional;Intelligent blue background;../fake-data/blob/hipster.png;image/png;"T0@1u;.u{G";733-641-7655 x2610;false;2022-01-21;2022-01-20
6;task-force drive Home;backing Orchestrator auxiliary;../fake-data/blob/hipster.png;image/png;"rv;+g@w4E^hU.t2Jx";1-291-836-5656;false;2022-01-20;2022-01-20
7;Computers Vatu Legacy;Money;../fake-data/blob/hipster.png;image/png;"$y@P.zE_(cp";831.717.1804;false;2022-01-21;2022-01-21
8;Health monitor;productivity;../fake-data/blob/hipster.png;image/png;"xpi@rCG.|V";(648) 908-9204 x095;false;2022-01-21;2022-01-21
9;teal monetize;circuit Designer Village;../fake-data/blob/hipster.png;image/png;"8=^P@DE;i.^g";429-491-3462 x5017;false;2022-01-21;2022-01-21
10;upX;Vanuatu;../fake-data/blob/hipster.png;image/png;"M2;A[@L.,'c#";1-989-891-5655 x848;false;2022-01-20;2022-01-21
