id;email;nick;password;name;surname;photo;photo_content_type;phone;premium;birth_date;add_date;token
1;">Z@D2Q.M";Security;solid District;Market;Accountability Executive Belgium;../fake-data/blob/hipster.png;image/png;587-810-4992;true;2022-01-21;2022-01-21;Avon system
3;"JMF3;@N.oMJ";plum Stream;Republic Refined;Multi-layered Configuration;yellow redundant;../fake-data/blob/hipster.png;image/png;807-255-5435 x55499;true;2022-01-21;2022-01-21;Object-based 24/7 Ramp
4;"&)s@LG[XSq.ZcE`V";system Streets Swaziland;harness Ergonomi;Fork Table;transparent;../fake-data/blob/hipster.png;image/png;651-313-5635;false;2022-01-21;2022-01-20;Communications white 1080p
5;"taS8j@[&P&'.{|:";Home generate iterate;violet Peso;bypass;deposit deposit Forint;../fake-data/blob/hipster.png;image/png;(783) 616-1581 x9664;true;2022-01-20;2022-01-21;one-to-one
6;"vv@<uM.#gz";Operations world-class;TowelsXX;Botswana parse;ADP Home initiatives;../fake-data/blob/hipster.png;image/png;521.453.0352;true;2022-01-21;2022-01-20;interface Mews Equatorial
7;"/;:@E?l9I.4";Malawi;applications;haptic Sports;Swiss;../fake-data/blob/hipster.png;image/png;(271) 472-3649 x1700;false;2022-01-21;2022-01-21;Assistant
8;"9d@g.s*u";Bedfordshire;India driver sta;portals Mouse protocol;Engineer Operations International;../fake-data/blob/hipster.png;image/png;949.302.0865;true;2022-01-20;2022-01-20;Grocery
9;":`EW:.@2g.]2*\$";Assistant;green THX;Generic;Gloves Home 1080p;../fake-data/blob/hipster.png;image/png;644-519-2432 x112;true;2022-01-20;2022-01-20;reintermediate
10;"_@rccO%.,uZ";Chicken;paymentX;Agent Cheese US;Avon;../fake-data/blob/hipster.png;image/png;540-906-0236 x8624;true;2022-01-21;2022-01-20;auxiliary
